﻿{
"Material":[
  {
    "IDmaterial": 1,
    "Name": "Martillo",
    "Category": "Tool",
    "Tax Free": false
  },

  {
    "IDmaterial": 2,
    "Name": "Clavos",
    "Category": "Tool",
    "Tax Free": true
  },
  {
    "IDmaterial": 3,
    "Name": "Madera",
    "Category": "Forestal",
    "Tax Free": false
  },
  {
    "IDmaterial": 4,
    "Name": "Consoladores",
    "Category": "Tool",
    "Tax Free": false
  },
  {
    "IDmaterial": 5,
    "Name": "Piano",
    "Category": "Instrument",
    "Tax Free": true
  },
  {
    "IDmaterial": 6,
    "Name": "Mouse",
    "Category": "PC",
    "Tax Free": false
  }

]
}