﻿{
  "Order": [
    {
      "IDOrder": 1,
      "IDProduct": 1,
      "Quantity": 3,
      "Subtotal": 30
    },
    {
      "IDOrder": 1,
      "IDProduct": 2,
      "Quantity": 1,
      "Subtotal": 10
    },
    {
      "IDOrder": 1,
      "IDProduct": 5,
      "Quantity": 10,
      "Subtotal": 30
    },
    {
      "IDOrder": 2,
      "IDProduct": 5,
      "Quantity": 3,
      "Subtotal": 9
    },
    {
      "IDOrder": 2,
      "IDProduct": 1,
      "Quantity": 8,
      "Subtotal": 80
    },
    {
      "IDOrder": 2,
      "IDProduct": 3,
      "Quantity": 3,
      "Subtotal": 300
    }
  ]
}
